Date,Website Visits,Marketing-Channel
2023-01-01,3258,Organic
2023-01-02,4033,Social Media
2023-01-03,1697,Email
2023-01-04,3466,Organic
2023-01-05,3926,Social Media
2023-01-06,4042,Social Media
2023-01-07,3812,Organic
2023-01-08,4849,Organic
2023-01-09,1986,Paid Search
2023-01-10,2900,Email
2023-01-11,3534,Email
2023-01-12,2833,Paid Search
2023-01-13,4792,Social Media
2023-01-14,1767,Email
2023-01-15,4269,Social Media
2023-01-16,4678,Organic
2023-01-17,1741,Email
2023-01-18,1209,Social Media
2023-01-19,2105,Paid Search
2023-01-20,3863,Email
2023-01-21,3329,Social Media
2023-01-22,4950,Organic
2023-01-23,1216,Paid Search
2023-01-24,3136,Paid Search
2023-01-25,2223,Organic
2023-01-26,2932,Paid Search
2023-01-27,1052,Email
2023-01-28,2176,Email
2023-01-29,2211,Paid Search
2023-01-30,3440,Social Media
2023-01-31,1867,Organic
2023-02-01,2705,Social Media
2023-02-02,3155,Organic
2023-02-03,3660,Paid Search
2023-02-04,1115,Paid Search
2023-02-05,2462,Organic
2023-02-06,3786,Email
2023-02-07,4700,Social Media
2023-02-08,2936,Social Media
2023-02-09,1704,Paid Search
2023-02-10,2138,Email
2023-02-11,4221,Paid Search
2023-02-12,4460,Email
2023-02-13,2367,Paid Search
2023-02-14,1693,Organic
2023-02-15,2542,Organic
2023-02-16,1342,Email
2023-02-17,4587,Social Media
2023-02-18,2353,Paid Search
2023-02-19,4210,Email
2023-02-20,2687,Paid Search
2023-02-21,3055,Organic
2023-02-22,3342,Social Media
2023-02-23,4646,Organic
2023-02-24,4165,Social Media
2023-02-25,1602,Social Media
2023-02-26,3151,Paid Search
2023-02-27,4010,Organic
2023-02-28,2341,Social Media
2023-03-01,2249,Social Media
2023-03-02,4935,Paid Search
2023-03-03,2974,Social Media
2023-03-04,3508,Email
2023-03-05,2974,Social Media
2023-03-06,3464,Paid Search
2023-03-07,3502,Email
2023-03-08,4162,Social Media
2023-03-09,3008,Social Media
2023-03-10,2231,Email
2023-03-11,1903,Social Media
2023-03-12,2518,Email
2023-03-13,4985,Social Media
2023-03-14,2426,Email
2023-03-15,1984,Organic
2023-03-16,2144,Email
2023-03-17,1842,Social Media
2023-03-18,2985,Email
2023-03-19,1538,Email
2023-03-20,4622,Paid Search
2023-03-21,1083,Social Media
2023-03-22,3921,Email
2023-03-23,3560,Email
2023-03-24,2339,Paid Search
2023-03-25,1066,Social Media
2023-03-26,4716,Email
2023-03-27,4557,Paid Search
2023-03-28,4860,Paid Search
2023-03-29,3839,Organic
2023-03-30,1427,Social Media
2023-03-31,2921,Email
2023-04-01,3100,Email
2023-04-02,1399,Organic
2023-04-03,1012,Email
2023-04-04,4142,Email
2023-04-05,4996,Social Media
2023-04-06,3633,Social Media
2023-04-07,4938,Paid Search
2023-04-08,3046,Social Media
2023-04-09,4827,Email
2023-04-10,3891,Social Media
2023-04-11,1531,Organic
2023-04-12,1130,Email
2023-04-13,2803,Paid Search
2023-04-14,1594,Social Media
2023-04-15,1505,Paid Search
2023-04-16,1421,Email
2023-04-17,2078,Social Media
2023-04-18,2776,Social Media
2023-04-19,1446,Email
2023-04-20,3466,Organic
2023-04-21,3748,Social Media
2023-04-22,3370,Organic
2023-04-23,3227,Email
2023-04-24,2794,Organic
2023-04-25,2520,Organic
2023-04-26,2648,Paid Search
2023-04-27,3111,Email
2023-04-28,1808,Paid Search
2023-04-29,2408,Email
2023-04-30,1042,Paid Search
2023-05-01,4129,Email
2023-05-02,4454,Email
2023-05-03,3512,Paid Search
2023-05-04,2753,Social Media
2023-05-05,1931,Social Media
2023-05-06,4395,Paid Search
2023-05-07,2140,Paid Search
2023-05-08,4003,Paid Search
2023-05-09,1776,Email
2023-05-10,1787,Social Media
2023-05-11,1131,Paid Search
2023-05-12,3088,Organic
2023-05-13,3668,Organic
2023-05-14,2451,Email
2023-05-15,2014,Organic
2023-05-16,4426,Email
2023-05-17,3366,Organic
2023-05-18,4518,Organic
2023-05-19,4508,Paid Search
2023-05-20,3484,Email
2023-05-21,3576,Organic
2023-05-22,1187,Email
2023-05-23,3988,Organic
2023-05-24,1368,Social Media
2023-05-25,4349,Paid Search
2023-05-26,1121,Social Media
2023-05-27,2056,Paid Search
2023-05-28,1017,Email
2023-05-29,3185,Paid Search
2023-05-30,3604,Organic
2023-05-31,2599,Paid Search
2023-06-01,4483,Social Media
2023-06-02,4354,Email
2023-06-03,1092,Organic
2023-06-04,1601,Social Media
2023-06-05,4790,Organic
2023-06-06,3304,Social Media
2023-06-07,3341,Organic
2023-06-08,3512,Paid Search
2023-06-09,4043,Email
2023-06-10,3738,Organic
2023-06-11,2068,Social Media
2023-06-12,4736,Paid Search
2023-06-13,2075,Email
2023-06-14,4535,Social Media
2023-06-15,1636,Social Media
2023-06-16,4400,Paid Search
2023-06-17,2218,Organic
2023-06-18,2483,Organic
2023-06-19,4057,Organic
2023-06-20,4078,Social Media
2023-06-21,4429,Organic
2023-06-22,2373,Email
2023-06-23,4787,Email
2023-06-24,4827,Organic
2023-06-25,3101,Paid Search
2023-06-26,4395,Organic
2023-06-27,3556,Email
2023-06-28,3304,Email
2023-06-29,3038,Paid Search
2023-06-30,3834,Paid Search
2023-07-01,4970,Email
2023-07-02,4015,Paid Search
2023-07-03,1476,Paid Search
2023-07-04,3981,Paid Search
2023-07-05,1841,Email
2023-07-06,2584,Organic
2023-07-07,2964,Social Media
2023-07-08,2921,Social Media
2023-07-09,2826,Paid Search
2023-07-10,4215,Social Media
2023-07-11,4103,Social Media
2023-07-12,3894,Paid Search
2023-07-13,4983,Organic
2023-07-14,2023,Paid Search
2023-07-15,3303,Social Media
2023-07-16,4383,Organic
2023-07-17,3369,Social Media
2023-07-18,2823,Email
2023-07-19,3776,Social Media
2023-07-20,1386,Paid Search
2023-07-21,1339,Paid Search
2023-07-22,3026,Organic
2023-07-23,2113,Organic
2023-07-24,4865,Paid Search
2023-07-25,4730,Email
2023-07-26,1006,Paid Search
2023-07-27,1025,Social Media
2023-07-28,4027,Social Media
2023-07-29,2047,Paid Search
2023-07-30,4435,Paid Search
2023-07-31,3755,Paid Search
2023-08-01,4715,Organic
2023-08-02,3500,Email
2023-08-03,1975,Social Media
2023-08-04,1100,Email
2023-08-05,3742,Paid Search
2023-08-06,1777,Email
2023-08-07,1832,Email
2023-08-08,1878,Social Media
2023-08-09,2843,Paid Search
2023-08-10,1296,Email
2023-08-11,1035,Email
2023-08-12,4222,Paid Search
2023-08-13,4388,Email
2023-08-14,4198,Paid Search
2023-08-15,1137,Organic
2023-08-16,4596,Paid Search
2023-08-17,1814,Organic
2023-08-18,1648,Paid Search
2023-08-19,1917,Social Media
2023-08-20,4359,Paid Search
2023-08-21,2132,Social Media
2023-08-22,3319,Email
2023-08-23,4910,Organic
2023-08-24,1557,Organic
2023-08-25,1531,Organic
2023-08-26,2829,Social Media
2023-08-27,1282,Organic
2023-08-28,1554,Organic
2023-08-29,3647,Email
2023-08-30,1340,Email
2023-08-31,4221,Email
2023-09-01,4608,Social Media
2023-09-02,1789,Organic
2023-09-03,2905,Paid Search
2023-09-04,3847,Email
2023-09-05,3481,Organic
2023-09-06,2806,Organic
2023-09-07,3329,Email
2023-09-08,1278,Email
2023-09-09,2437,Social Media
2023-09-10,3985,Organic
2023-09-11,1442,Organic
2023-09-12,1892,Paid Search
2023-09-13,2457,Paid Search
2023-09-14,3990,Organic
2023-09-15,4224,Organic
2023-09-16,1391,Paid Search
2023-09-17,1327,Social Media
2023-09-18,1489,Paid Search
2023-09-19,4618,Social Media
2023-09-20,4657,Organic
2023-09-21,4847,Organic
2023-09-22,4187,Email
2023-09-23,2729,Email
2023-09-24,3880,Email
2023-09-25,1496,Email
2023-09-26,1723,Organic
2023-09-27,3929,Social Media
2023-09-28,4136,Social Media
2023-09-29,2801,Paid Search
2023-09-30,2365,Organic
2023-10-01,4338,Email
2023-10-02,2016,Social Media
2023-10-03,4780,Social Media
2023-10-04,1622,Organic
2023-10-05,3119,Organic
2023-10-06,3512,Email
2023-10-07,1186,Social Media
2023-10-08,4988,Paid Search
2023-10-09,4982,Email
2023-10-10,2950,Paid Search
2023-10-11,1875,Organic
2023-10-12,2881,Email
2023-10-13,4580,Social Media
2023-10-14,4401,Social Media
2023-10-15,4469,Paid Search
2023-10-16,3424,Email
2023-10-17,3888,Social Media
2023-10-18,2485,Email
2023-10-19,4499,Email
2023-10-20,3708,Social Media
2023-10-21,3484,Organic
2023-10-22,3962,Social Media
2023-10-23,4943,Organic
2023-10-24,3164,Social Media
2023-10-25,1955,Paid Search
2023-10-26,3575,Paid Search
2023-10-27,2332,Email
2023-10-28,4188,Social Media
2023-10-29,2006,Paid Search
2023-10-30,2473,Organic
2023-10-31,1831,Social Media
2023-11-01,1490,Organic
2023-11-02,2454,Email
2023-11-03,1189,Social Media
2023-11-04,4436,Email
2023-11-05,1450,Paid Search
2023-11-06,2332,Organic
2023-11-07,3013,Organic
2023-11-08,4919,Paid Search
2023-11-09,3030,Social Media
2023-11-10,1721,Social Media
2023-11-11,1591,Email
2023-11-12,4640,Email
2023-11-13,2532,Paid Search
2023-11-14,1498,Organic
2023-11-15,4740,Paid Search
2023-11-16,1590,Email
2023-11-17,2454,Social Media
2023-11-18,4617,Organic
2023-11-19,1337,Organic
2023-11-20,1092,Paid Search
2023-11-21,1781,Social Media
2023-11-22,3547,Organic
2023-11-23,1268,Organic
2023-11-24,1824,Paid Search
2023-11-25,2145,Email
2023-11-26,4841,Paid Search
2023-11-27,3918,Social Media
2023-11-28,3764,Organic
2023-11-29,3636,Email
2023-11-30,3928,Paid Search
2023-12-01,3567,Paid Search
2023-12-02,3829,Email
2023-12-03,3789,Organic
2023-12-04,1245,Social Media
2023-12-05,1011,Email
2023-12-06,4479,Paid Search
2023-12-07,3522,Organic
2023-12-08,2086,Organic
2023-12-09,3827,Social Media
2023-12-10,4547,Email
2023-12-11,4959,Email
2023-12-12,2614,Organic
2023-12-13,1398,Social Media
2023-12-14,1584,Organic
2023-12-15,4117,Social Media
2023-12-16,3290,Social Media
2023-12-17,2644,Paid Search
2023-12-18,4224,Email
2023-12-19,1336,Paid Search
2023-12-20,2133,Email
2023-12-21,3805,Social Media
2023-12-22,2213,Organic
2023-12-23,3723,Social Media
2023-12-24,4266,Email
2023-12-25,4548,Email
2023-12-26,1647,Paid Search
2023-12-27,4974,Social Media
2023-12-28,3139,Paid Search
2023-12-29,1617,Paid Search
2023-12-30,4715,Social Media
2023-12-31,2309,Organic
